radio://0/80/2M/E7E7E7E732,0.0,80.0
radio://0/80/2M/E7E7E7E732,0.0,80.0
radio://0/80/2M/E7E7E7E732,0.0,80.0
radio://0/80/2M/E7E7E7E732,0.0,80.0
radio://0/80/2M/E7E7E7E732,0.0,80.0
radio://0/80/2M/E7E7E7E732,0.0,80.0
radio://0/80/2M/E7E7E7E732,0.0,80.0
radio://0/80/2M/E7E7E7E732,0.0,80.0
radio://0/80/2M/E7E7E7E732,0.0,80.0
radio://0/80/2M/E7E7E7E732,0.0,80.0
radio://0/80/2M/E7E7E7E732,0.0,80.0
radio://0/80/2M/E7E7E7E732,0.0,80.0
radio://0/80/2M/E7E7E7E732,0.0,80.0
radio://0/80/2M/E7E7E7E732,0.0,80.0
radio://0/80/2M/E7E7E7E732,0.0,80.0
radio://0/80/2M/E7E7E7E732,0.0,80.0
radio://0/80/2M/E7E7E7E732,0.0,80.0
radio://0/80/2M/E7E7E7E732,0.0,80.0
radio://0/80/2M/E7E7E7E732,0.0,80.0
radio://0/80/2M/E7E7E7E732,0.0,80.0
radio://0/80/2M/E7E7E7E732,0.0,80.0
radio://0/80/2M/E7E7E7E732,0.0,80.0
radio://0/80/2M/E7E7E7E732,0.0,80.0
radio://0/80/2M/E7E7E7E732,0.0,80.0
radio://0/80/2M/E7E7E7E732,0.0,70.0
radio://0/80/2M/E7E7E7E732,0.0,70.0
