radio://0/80/2M/E7E7E7E731,0.0,20.0
radio://0/80/2M/E7E7E7E731,0.0,20.0
radio://0/80/2M/E7E7E7E731,0.0,20.0
radio://0/80/2M/E7E7E7E731,0.0,20.0
radio://0/80/2M/E7E7E7E731,0.0,20.0
radio://0/80/2M/E7E7E7E731,0.0,20.0
radio://0/80/2M/E7E7E7E731,0.0,20.0
radio://0/80/2M/E7E7E7E731,0.0,20.0
radio://0/80/2M/E7E7E7E731,0.0,20.0
radio://0/80/2M/E7E7E7E731,0.0,20.0
radio://0/80/2M/E7E7E7E731,0.0,20.0
radio://0/80/2M/E7E7E7E731,0.0,20.0
radio://0/80/2M/E7E7E7E731,0.0,20.0
radio://0/80/2M/E7E7E7E731,0.0,20.0
radio://0/80/2M/E7E7E7E731,0.0,20.0
radio://0/80/2M/E7E7E7E731,0.0,20.0
radio://0/80/2M/E7E7E7E731,0.0,20.0
radio://0/80/2M/E7E7E7E731,0.0,20.0
radio://0/80/2M/E7E7E7E731,0.0,20.0
radio://0/80/2M/E7E7E7E731,0.0,20.0
radio://0/80/2M/E7E7E7E731,0.0,20.0
radio://0/80/2M/E7E7E7E731,0.0,20.0
radio://0/80/2M/E7E7E7E731,0.0,20.0
radio://0/80/2M/E7E7E7E731,0.0,20.0
radio://0/80/2M/E7E7E7E731,0.0,20.0
radio://0/80/2M/E7E7E7E731,0.0,20.0
radio://0/80/2M/E7E7E7E731,0.0,20.0
radio://0/80/2M/E7E7E7E731,0.0,20.0
radio://0/80/2M/E7E7E7E731,0.0,20.0
radio://0/80/2M/E7E7E7E731,0.0,20.0
radio://0/80/2M/E7E7E7E731,0.0,20.0
radio://0/80/2M/E7E7E7E731,0.0,20.0
radio://0/80/2M/E7E7E7E731,0.0,20.0
radio://0/80/2M/E7E7E7E731,0.0,20.0
radio://0/80/2M/E7E7E7E731,0.0,20.0
radio://0/80/2M/E7E7E7E731,0.0,20.0
radio://0/80/2M/E7E7E7E731,0.0,20.0
radio://0/80/2M/E7E7E7E731,0.0,20.0
radio://0/80/2M/E7E7E7E731,0.0,20.0
radio://0/80/2M/E7E7E7E731,0.0,20.0
radio://0/80/2M/E7E7E7E731,0.0,20.0
radio://0/80/2M/E7E7E7E731,0.0,20.0
radio://0/80/2M/E7E7E7E731,0.0,20.0
radio://0/80/2M/E7E7E7E731,0.0,20.0
radio://0/80/2M/E7E7E7E731,0.0,20.0
radio://0/80/2M/E7E7E7E731,0.0,20.0
radio://0/80/2M/E7E7E7E731,0.0,20.0
radio://0/80/2M/E7E7E7E731,0.0,20.0
radio://0/80/2M/E7E7E7E731,0.0,20.0
radio://0/80/2M/E7E7E7E731,0.0,20.0
radio://0/80/2M/E7E7E7E731,0.0,20.0
radio://0/80/2M/E7E7E7E731,0.0,20.0
radio://0/80/2M/E7E7E7E731,0.0,20.0
radio://0/80/2M/E7E7E7E731,0.0,20.0
radio://0/80/2M/E7E7E7E731,0.0,20.0
radio://0/80/2M/E7E7E7E731,0.0,20.0
radio://0/80/2M/E7E7E7E731,0.0,20.0
radio://0/80/2M/E7E7E7E731,0.0,20.0
radio://0/80/2M/E7E7E7E731,0.0,20.0
radio://0/80/2M/E7E7E7E731,0.0,20.0
radio://0/80/2M/E7E7E7E731,0.0,20.0
radio://0/80/2M/E7E7E7E731,0.0,20.0
radio://0/80/2M/E7E7E7E731,0.0,20.0
radio://0/80/2M/E7E7E7E731,0.0,20.0
radio://0/80/2M/E7E7E7E731,0.0,20.0
radio://0/80/2M/E7E7E7E731,0.0,20.0
radio://0/80/2M/E7E7E7E731,0.0,20.0
radio://0/80/2M/E7E7E7E731,0.0,20.0
radio://0/80/2M/E7E7E7E731,0.0,20.0
radio://0/80/2M/E7E7E7E731,0.0,20.0
radio://0/80/2M/E7E7E7E731,0.0,20.0
radio://0/80/2M/E7E7E7E731,0.0,20.0
radio://0/80/2M/E7E7E7E731,0.0,20.0
radio://0/80/2M/E7E7E7E731,0.0,20.0
radio://0/80/2M/E7E7E7E731,0.0,20.0
radio://0/80/2M/E7E7E7E731,0.0,20.0
radio://0/80/2M/E7E7E7E731,0.0,20.0
radio://0/80/2M/E7E7E7E731,0.0,20.0
radio://0/80/2M/E7E7E7E731,0.0,20.0
radio://0/80/2M/E7E7E7E731,0.0,20.0
radio://0/80/2M/E7E7E7E731,0.0,20.0
radio://0/80/2M/E7E7E7E731,0.0,20.0
radio://0/80/2M/E7E7E7E731,0.0,20.0
radio://0/80/2M/E7E7E7E731,0.0,20.0
radio://0/80/2M/E7E7E7E731,0.0,20.0
radio://0/80/2M/E7E7E7E731,0.0,20.0
radio://0/80/2M/E7E7E7E731,0.0,20.0
radio://0/80/2M/E7E7E7E731,0.0,20.0
radio://0/80/2M/E7E7E7E731,0.0,20.0
radio://0/80/2M/E7E7E7E731,0.0,20.0
radio://0/80/2M/E7E7E7E731,0.0,20.0
radio://0/80/2M/E7E7E7E731,0.0,20.0
radio://0/80/2M/E7E7E7E731,0.0,20.0
radio://0/80/2M/E7E7E7E731,0.0,20.0
radio://0/80/2M/E7E7E7E731,0.0,20.0
radio://0/80/2M/E7E7E7E731,0.0,20.0
radio://0/80/2M/E7E7E7E731,0.0,20.0
radio://0/80/2M/E7E7E7E731,0.0,20.0
radio://0/80/2M/E7E7E7E731,0.0,20.0
radio://0/80/2M/E7E7E7E731,0.0,20.0
radio://0/80/2M/E7E7E7E731,0.0,20.0
radio://0/80/2M/E7E7E7E731,0.0,20.0
radio://0/80/2M/E7E7E7E731,0.0,20.0
radio://0/80/2M/E7E7E7E731,0.0,20.0
radio://0/80/2M/E7E7E7E731,0.0,20.0
radio://0/80/2M/E7E7E7E731,0.0,20.0
radio://0/80/2M/E7E7E7E731,0.0,20.0
radio://0/80/2M/E7E7E7E731,0.0,20.0
radio://0/80/2M/E7E7E7E731,0.0,20.0
radio://0/80/2M/E7E7E7E731,0.0,20.0
radio://0/80/2M/E7E7E7E731,0.0,20.0
radio://0/80/2M/E7E7E7E731,0.0,20.0
radio://0/80/2M/E7E7E7E731,0.0,20.0
radio://0/80/2M/E7E7E7E731,0.0,20.0
radio://0/80/2M/E7E7E7E731,0.0,20.0
radio://0/80/2M/E7E7E7E731,0.0,20.0
radio://0/80/2M/E7E7E7E731,0.0,20.0
radio://0/80/2M/E7E7E7E731,0.0,20.0
radio://0/80/2M/E7E7E7E731,0.0,20.0
radio://0/80/2M/E7E7E7E731,0.0,20.0
radio://0/80/2M/E7E7E7E731,0.0,20.0
radio://0/80/2M/E7E7E7E731,0.0,20.0
radio://0/80/2M/E7E7E7E731,0.0,20.0
radio://0/80/2M/E7E7E7E731,0.0,20.0
radio://0/80/2M/E7E7E7E731,0.0,20.0
radio://0/80/2M/E7E7E7E731,0.0,20.0
radio://0/80/2M/E7E7E7E731,0.0,20.0
radio://0/80/2M/E7E7E7E731,0.0,20.0
radio://0/80/2M/E7E7E7E731,0.0,20.0
radio://0/80/2M/E7E7E7E731,0.0,20.0
radio://0/80/2M/E7E7E7E731,0.0,20.0
radio://0/80/2M/E7E7E7E731,0.0,20.0
radio://0/80/2M/E7E7E7E731,0.0,20.0
radio://0/80/2M/E7E7E7E731,0.0,20.0
radio://0/80/2M/E7E7E7E731,0.0,20.0
radio://0/80/2M/E7E7E7E731,0.0,20.0
radio://0/80/2M/E7E7E7E731,0.0,20.0
radio://0/80/2M/E7E7E7E731,0.0,20.0
radio://0/80/2M/E7E7E7E731,0.0,20.0
radio://0/80/2M/E7E7E7E731,0.0,20.0
radio://0/80/2M/E7E7E7E731,0.0,20.0
radio://0/80/2M/E7E7E7E731,0.0,20.0
radio://0/80/2M/E7E7E7E731,0.0,20.0
radio://0/80/2M/E7E7E7E731,0.0,20.0
radio://0/80/2M/E7E7E7E731,0.0,20.0
radio://0/80/2M/E7E7E7E731,0.0,20.0
radio://0/80/2M/E7E7E7E731,0.0,20.0
radio://0/80/2M/E7E7E7E731,0.0,20.0
radio://0/80/2M/E7E7E7E731,0.0,20.0
radio://0/80/2M/E7E7E7E731,0.0,20.0
radio://0/80/2M/E7E7E7E731,0.0,20.0
radio://0/80/2M/E7E7E7E731,0.0,20.0
radio://0/80/2M/E7E7E7E731,0.0,20.0
radio://0/80/2M/E7E7E7E731,0.0,20.0
radio://0/80/2M/E7E7E7E731,0.0,20.0
radio://0/80/2M/E7E7E7E731,0.0,20.0
radio://0/80/2M/E7E7E7E731,0.0,20.0
radio://0/80/2M/E7E7E7E731,0.0,20.0
radio://0/80/2M/E7E7E7E731,0.0,20.0
radio://0/80/2M/E7E7E7E731,0.0,20.0
radio://0/80/2M/E7E7E7E731,0.0,20.0
radio://0/80/2M/E7E7E7E731,0.0,20.0
radio://0/80/2M/E7E7E7E731,0.0,20.0
radio://0/80/2M/E7E7E7E731,0.0,20.0
radio://0/80/2M/E7E7E7E731,0.0,20.0
radio://0/80/2M/E7E7E7E731,0.0,20.0
radio://0/80/2M/E7E7E7E731,0.0,20.0
radio://0/80/2M/E7E7E7E731,0.0,20.0
radio://0/80/2M/E7E7E7E731,0.0,20.0
radio://0/80/2M/E7E7E7E731,0.0,20.0
radio://0/80/2M/E7E7E7E731,0.0,20.0
radio://0/80/2M/E7E7E7E731,0.0,20.0
radio://0/80/2M/E7E7E7E731,0.0,20.0
radio://0/80/2M/E7E7E7E731,0.0,20.0
radio://0/80/2M/E7E7E7E731,0.0,20.0
radio://0/80/2M/E7E7E7E731,0.0,20.0
radio://0/80/2M/E7E7E7E731,0.0,20.0
radio://0/80/2M/E7E7E7E731,0.0,20.0
radio://0/80/2M/E7E7E7E731,0.0,20.0
radio://0/80/2M/E7E7E7E731,0.0,20.0
radio://0/80/2M/E7E7E7E731,0.0,20.0
radio://0/80/2M/E7E7E7E731,0.0,20.0
radio://0/80/2M/E7E7E7E731,0.0,20.0
